[
  [
    {
      "radius": 1.3552, 
      "center": {
        "y": 0.207, 
        "x": -2.5218, 
        "z": -9.2848
      }
    }, 
    {
      "radius": 2.5591, 
      "center": {
        "y": -0.8506, 
        "x": -2.3537, 
        "z": -9.2139
      }
    }, 
    {
      "radius": 2.4304, 
      "center": {
        "y": -0.7537, 
        "x": -2.1532, 
        "z": -9.1279
      }
    }, 
    {
      "radius": 2.573, 
      "center": {
        "y": -0.7954, 
        "x": -2.3263, 
        "z": -9.2826
      }
    }, 
    {
      "radius": 2.4014, 
      "center": {
        "y": -0.7383, 
        "x": -2.1335, 
        "z": -9.1085
      }
    }, 
    {
      "radius": 2.8643, 
      "center": {
        "y": -0.7396, 
        "x": -2.7857, 
        "z": -10.6323
      }
    }, 
    {
      "radius": 0.7046, 
      "center": {
        "y": -3.7316, 
        "x": -1.3326, 
        "z": -7.0606
      }
    }, 
    {
      "radius": 2.7315, 
      "center": {
        "y": -4.7925, 
        "x": -2.5297, 
        "z": -7.3286
      }
    }, 
    {
      "radius": 2.4105, 
      "center": {
        "y": -0.7487, 
        "x": -2.1304, 
        "z": -9.115
      }
    }, 
    {
      "radius": 2.2411, 
      "center": {
        "y": -0.7288, 
        "x": -1.9881, 
        "z": -9.1964
      }
    }, 
    {
      "radius": 2.3292, 
      "center": {
        "y": -0.8303, 
        "x": -1.9855, 
        "z": -10.6758
      }
    }, 
    {
      "radius": 2.8989, 
      "center": {
        "y": -0.9215, 
        "x": -2.6395, 
        "z": -10.2988
      }
    }, 
    {
      "radius": 4.1375, 
      "center": {
        "y": -4.1285, 
        "x": -4.3649, 
        "z": -8.9589
      }
    }, 
    {
      "radius": 3.7149, 
      "center": {
        "y": -3.1275, 
        "x": -4.0916, 
        "z": -9.2285
      }
    }, 
    {
      "radius": 4.1304, 
      "center": {
        "y": -4.1357, 
        "x": -4.3492, 
        "z": -8.8897
      }
    }, 
    {
      "radius": 3.8585, 
      "center": {
        "y": -3.306, 
        "x": -4.2629, 
        "z": -9.1914
      }
    }, 
    {
      "radius": 1.5955, 
      "center": {
        "y": -2.0116, 
        "x": -4.8485, 
        "z": -7.4651
      }
    }, 
    {
      "radius": 2.0269, 
      "center": {
        "y": -2.2648, 
        "x": -4.8185, 
        "z": -7.7105
      }
    }, 
    {
      "radius": 4.0182, 
      "center": {
        "y": -3.8103, 
        "x": -4.3084, 
        "z": -9.0276
      }
    }, 
    {
      "radius": 1.6114, 
      "center": {
        "y": -0.9006, 
        "x": -1.5558, 
        "z": -8.6503
      }
    }, 
    {
      "radius": 1.2342, 
      "center": {
        "y": -0.9428, 
        "x": -1.3267, 
        "z": -8.4476
      }
    }, 
    {
      "radius": 1.2043, 
      "center": {
        "y": -1.0016, 
        "x": -1.317, 
        "z": -8.4379
      }
    }
  ], 
  [
    {
      "radius": 1.5472, 
      "center": {
        "y": -4.6356, 
        "x": 10.9899, 
        "z": -12.0216
      }
    }, 
    {
      "radius": 0.4106, 
      "center": {
        "y": -4.2224, 
        "x": 10.8924, 
        "z": -11.3733
      }
    }, 
    {
      "radius": 0.703, 
      "center": {
        "y": -4.4873, 
        "x": 10.4093, 
        "z": -12.1399
      }
    }, 
    {
      "radius": 1.7156, 
      "center": {
        "y": -4.7396, 
        "x": 10.9147, 
        "z": -12.2489
      }
    }, 
    {
      "radius": 0.6894, 
      "center": {
        "y": -8.4307, 
        "x": 10.6521, 
        "z": -13.3798
      }
    }, 
    {
      "radius": 1.4668, 
      "center": {
        "y": -7.2184, 
        "x": 10.5787, 
        "z": -12.6865
      }
    }, 
    {
      "radius": 1.4164, 
      "center": {
        "y": -8.0095, 
        "x": 10.0739, 
        "z": -13.0582
      }
    }, 
    {
      "radius": 1.347, 
      "center": {
        "y": -7.0178, 
        "x": 10.7301, 
        "z": -12.4225
      }
    }, 
    {
      "radius": 1.6796, 
      "center": {
        "y": -7.9616, 
        "x": 10.3446, 
        "z": -13.3662
      }
    }, 
    {
      "radius": 1.8932, 
      "center": {
        "y": -5.9111, 
        "x": 11.0276, 
        "z": -12.22
      }
    }, 
    {
      "radius": 1.6118, 
      "center": {
        "y": -5.7721, 
        "x": 11.1132, 
        "z": -11.936
      }
    }, 
    {
      "radius": 1.7384, 
      "center": {
        "y": -6.2111, 
        "x": 10.8696, 
        "z": -12.1642
      }
    }, 
    {
      "radius": 1.5495, 
      "center": {
        "y": -6.2258, 
        "x": 10.8673, 
        "z": -12.0221
      }
    }, 
    {
      "radius": 0.4807, 
      "center": {
        "y": -8.0739, 
        "x": 9.6603, 
        "z": -14.3619
      }
    }, 
    {
      "radius": 1.6337, 
      "center": {
        "y": -6.5899, 
        "x": 10.8732, 
        "z": -12.3223
      }
    }, 
    {
      "radius": 2.0692, 
      "center": {
        "y": -5.3332, 
        "x": 11.2553, 
        "z": -12.503
      }
    }, 
    {
      "radius": 1.9802, 
      "center": {
        "y": -5.3306, 
        "x": 11.3162, 
        "z": -12.8671
      }
    }, 
    {
      "radius": 1.9952, 
      "center": {
        "y": -5.6306, 
        "x": 11.1222, 
        "z": -12.261
      }
    }, 
    {
      "radius": 1.915, 
      "center": {
        "y": -5.7294, 
        "x": 11.1266, 
        "z": -12.1715
      }
    }, 
    {
      "radius": 1.6891, 
      "center": {
        "y": -6.5878, 
        "x": 10.8405, 
        "z": -12.3707
      }
    }, 
    {
      "radius": 1.7173, 
      "center": {
        "y": -6.4909, 
        "x": 10.8624, 
        "z": -12.3196
      }
    }, 
    {
      "radius": 1.4917, 
      "center": {
        "y": -6.9384, 
        "x": 10.8977, 
        "z": -13.3821
      }
    }, 
    {
      "radius": 0.8654, 
      "center": {
        "y": -8.3835, 
        "x": 10.6249, 
        "z": -13.4208
      }
    }, 
    {
      "radius": 1.7403, 
      "center": {
        "y": -7.5457, 
        "x": 10.7203, 
        "z": -13.9946
      }
    }, 
    {
      "radius": 1.7032, 
      "center": {
        "y": -7.9741, 
        "x": 10.3616, 
        "z": -13.464
      }
    }, 
    {
      "radius": 1.4197, 
      "center": {
        "y": -8.1146, 
        "x": 10.0693, 
        "z": -13.5792
      }
    }, 
    {
      "radius": 1.1314, 
      "center": {
        "y": -8.124, 
        "x": 9.8022, 
        "z": -13.0843
      }
    }, 
    {
      "radius": 0.8317, 
      "center": {
        "y": -7.8706, 
        "x": 11.098, 
        "z": -14.0893
      }
    }, 
    {
      "radius": 1.9353, 
      "center": {
        "y": -5.2973, 
        "x": 11.3188, 
        "z": -12.9876
      }
    }, 
    {
      "radius": 1.8134, 
      "center": {
        "y": -4.8766, 
        "x": 10.971, 
        "z": -12.286
      }
    }, 
    {
      "radius": 1.9156, 
      "center": {
        "y": -5.0319, 
        "x": 11.0562, 
        "z": -12.2922
      }
    }, 
    {
      "radius": 1.6635, 
      "center": {
        "y": -6.5841, 
        "x": 10.8595, 
        "z": -12.3269
      }
    }, 
    {
      "radius": 1.6577, 
      "center": {
        "y": -6.5888, 
        "x": 10.8593, 
        "z": -12.325
      }
    }
  ], 
  [
    {
      "radius": 1.7429, 
      "center": {
        "y": -16.2578, 
        "x": 10.8356, 
        "z": -14.9876
      }
    }, 
    {
      "radius": 1.7048, 
      "center": {
        "y": -16.535, 
        "x": 11.1113, 
        "z": -14.9504
      }
    }, 
    {
      "radius": 1.8465, 
      "center": {
        "y": -15.9757, 
        "x": 9.8931, 
        "z": -15.9255
      }
    }, 
    {
      "radius": 1.7748, 
      "center": {
        "y": -16.0295, 
        "x": 9.7593, 
        "z": -16.1977
      }
    }, 
    {
      "radius": 1.7932, 
      "center": {
        "y": -16.1829, 
        "x": 10.745, 
        "z": -15.0975
      }
    }, 
    {
      "radius": 1.9567, 
      "center": {
        "y": -15.8448, 
        "x": 10.1818, 
        "z": -15.4852
      }
    }, 
    {
      "radius": 1.6402, 
      "center": {
        "y": -15.6458, 
        "x": 10.5292, 
        "z": -15.3734
      }
    }, 
    {
      "radius": 1.7534, 
      "center": {
        "y": -16.1724, 
        "x": 9.7448, 
        "z": -16.2543
      }
    }, 
    {
      "radius": 1.832, 
      "center": {
        "y": -15.7983, 
        "x": 9.9724, 
        "z": -15.4456
      }
    }, 
    {
      "radius": 1.9479, 
      "center": {
        "y": -15.7838, 
        "x": 10.0265, 
        "z": -15.5172
      }
    }, 
    {
      "radius": 1.8157, 
      "center": {
        "y": -15.8037, 
        "x": 9.9633, 
        "z": -15.4467
      }
    }, 
    {
      "radius": 1.4691, 
      "center": {
        "y": -15.2554, 
        "x": 9.8518, 
        "z": -15.4982
      }
    }, 
    {
      "radius": 1.0164, 
      "center": {
        "y": -14.9577, 
        "x": 9.6917, 
        "z": -15.4118
      }
    }, 
    {
      "radius": 1.2742, 
      "center": {
        "y": -15.7039, 
        "x": 9.2561, 
        "z": -16.9195
      }
    }, 
    {
      "radius": 1.7521, 
      "center": {
        "y": -16.016, 
        "x": 9.7294, 
        "z": -16.2316
      }
    }, 
    {
      "radius": 1.156, 
      "center": {
        "y": -15.0439, 
        "x": 9.7175, 
        "z": -15.6123
      }
    }, 
    {
      "radius": 0.2714, 
      "center": {
        "y": -15.0866, 
        "x": 9.105, 
        "z": -16.7975
      }
    }, 
    {
      "radius": 1.5403, 
      "center": {
        "y": -16.2806, 
        "x": 9.1959, 
        "z": -16.9698
      }
    }, 
    {
      "radius": 1.8887, 
      "center": {
        "y": -17.0298, 
        "x": 9.0101, 
        "z": -17.4035
      }
    }, 
    {
      "radius": 1.8584, 
      "center": {
        "y": -16.9293, 
        "x": 8.9493, 
        "z": -17.4526
      }
    }, 
    {
      "radius": 1.9026, 
      "center": {
        "y": -15.844, 
        "x": 9.9759, 
        "z": -15.6525
      }
    }, 
    {
      "radius": 1.5695, 
      "center": {
        "y": -15.5882, 
        "x": 10.539, 
        "z": -15.3641
      }
    }
  ], 
  [
    {
      "radius": 2.2731, 
      "center": {
        "y": -11.2969, 
        "x": 7.6341, 
        "z": -5.8718
      }
    }, 
    {
      "radius": 1.8996, 
      "center": {
        "y": -10.585, 
        "x": 7.5382, 
        "z": -5.7343
      }
    }, 
    {
      "radius": 2.0546, 
      "center": {
        "y": -10.9587, 
        "x": 7.5815, 
        "z": -6.2481
      }
    }, 
    {
      "radius": 1.8349, 
      "center": {
        "y": -10.517, 
        "x": 7.5233, 
        "z": -6.0812
      }
    }, 
    {
      "radius": 1.147, 
      "center": {
        "y": -10.4223, 
        "x": 7.8597, 
        "z": -6.5782
      }
    }, 
    {
      "radius": 1.9012, 
      "center": {
        "y": -10.929, 
        "x": 7.6723, 
        "z": -6.3815
      }
    }, 
    {
      "radius": 1.089, 
      "center": {
        "y": -11.1606, 
        "x": 8.3349, 
        "z": -6.7831
      }
    }, 
    {
      "radius": 1.2888, 
      "center": {
        "y": -10.3311, 
        "x": 7.1823, 
        "z": -5.3273
      }
    }, 
    {
      "radius": 1.1104, 
      "center": {
        "y": -10.2035, 
        "x": 7.1952, 
        "z": -6.21
      }
    }, 
    {
      "radius": 1.0013, 
      "center": {
        "y": -10.2361, 
        "x": 7.088, 
        "z": -5.3955
      }
    }, 
    {
      "radius": 0.233, 
      "center": {
        "y": -9.7173, 
        "x": 7.8972, 
        "z": -6.5108
      }
    }
  ], 
  [
    {
      "radius": 1.0166, 
      "center": {
        "y": 8.8914, 
        "x": -7.7559, 
        "z": 15.881
      }
    }, 
    {
      "radius": 1.0647, 
      "center": {
        "y": 8.8577, 
        "x": -7.6865, 
        "z": 15.8562
      }
    }, 
    {
      "radius": 0.0992, 
      "center": {
        "y": 7.7417, 
        "x": -6.8343, 
        "z": 14.3942
      }
    }, 
    {
      "radius": 0.5312, 
      "center": {
        "y": 7.9857, 
        "x": -7.0256, 
        "z": 16.0132
      }
    }, 
    {
      "radius": 1.5904, 
      "center": {
        "y": 8.7828, 
        "x": -6.5673, 
        "z": 15.1479
      }
    }, 
    {
      "radius": 1.5486, 
      "center": {
        "y": 8.3175, 
        "x": -6.9358, 
        "z": 15.4153
      }
    }, 
    {
      "radius": 1.5513, 
      "center": {
        "y": 8.1829, 
        "x": -6.8585, 
        "z": 15.2921
      }
    }, 
    {
      "radius": 1.4006, 
      "center": {
        "y": 8.0368, 
        "x": -6.8271, 
        "z": 15.3271
      }
    }, 
    {
      "radius": 1.1509, 
      "center": {
        "y": 7.854, 
        "x": -6.9208, 
        "z": 14.9609
      }
    }, 
    {
      "radius": 1.0979, 
      "center": {
        "y": 7.8038, 
        "x": -6.8612, 
        "z": 15.1233
      }
    }, 
    {
      "radius": 1.533, 
      "center": {
        "y": 9.0758, 
        "x": -6.2937, 
        "z": 15.0773
      }
    }, 
    {
      "radius": 1.2695, 
      "center": {
        "y": 9.1895, 
        "x": -6.1404, 
        "z": 15.1607
      }
    }, 
    {
      "radius": 1.0238, 
      "center": {
        "y": 8.9648, 
        "x": -6.303, 
        "z": 14.3629
      }
    }, 
    {
      "radius": 1.6763, 
      "center": {
        "y": 9.9537, 
        "x": -6.3777, 
        "z": 14.8126
      }
    }, 
    {
      "radius": 0.4619, 
      "center": {
        "y": 8.7691, 
        "x": -6.3016, 
        "z": 14.0037
      }
    }, 
    {
      "radius": 1.6884, 
      "center": {
        "y": 9.2601, 
        "x": -6.3827, 
        "z": 14.9968
      }
    }, 
    {
      "radius": 1.6884, 
      "center": {
        "y": 9.1231, 
        "x": -6.3889, 
        "z": 15.0103
      }
    }, 
    {
      "radius": 1.2356, 
      "center": {
        "y": 9.9827, 
        "x": -6.056, 
        "z": 14.9168
      }
    }, 
    {
      "radius": 1.6688, 
      "center": {
        "y": 9.6894, 
        "x": -6.3496, 
        "z": 14.8576
      }
    }, 
    {
      "radius": 1.6706, 
      "center": {
        "y": 9.9789, 
        "x": -6.3737, 
        "z": 14.8106
      }
    }, 
    {
      "radius": 1.3218, 
      "center": {
        "y": 10.0734, 
        "x": -7.1393, 
        "z": 15.4224
      }
    }
  ], 
  [
    {
      "radius": 0.5996, 
      "center": {
        "y": -6.3643, 
        "x": 12.0302, 
        "z": -1.7994
      }
    }, 
    {
      "radius": 0.6971, 
      "center": {
        "y": -6.4615, 
        "x": 11.9752, 
        "z": -1.7348
      }
    }, 
    {
      "radius": 1.3073, 
      "center": {
        "y": -6.5018, 
        "x": 12.5982, 
        "z": -1.9045
      }
    }, 
    {
      "radius": 1.8637, 
      "center": {
        "y": -6.811, 
        "x": 13.2858, 
        "z": -2.3982
      }
    }, 
    {
      "radius": 1.5617, 
      "center": {
        "y": -6.7974, 
        "x": 13.3848, 
        "z": -2.8141
      }
    }, 
    {
      "radius": 1.7793, 
      "center": {
        "y": -6.6789, 
        "x": 13.5517, 
        "z": -2.6377
      }
    }, 
    {
      "radius": 1.1223, 
      "center": {
        "y": -6.221, 
        "x": 13.6943, 
        "z": -2.8409
      }
    }, 
    {
      "radius": 1.687, 
      "center": {
        "y": -6.6489, 
        "x": 13.8813, 
        "z": -2.6558
      }
    }, 
    {
      "radius": 0.9129, 
      "center": {
        "y": -7.0216, 
        "x": 13.3021, 
        "z": -3.1989
      }
    }, 
    {
      "radius": 0.3537, 
      "center": {
        "y": -7.6651, 
        "x": 12.7233, 
        "z": -2.7073
      }
    }, 
    {
      "radius": 1.489, 
      "center": {
        "y": -6.6014, 
        "x": 12.6318, 
        "z": -1.9124
      }
    }, 
    {
      "radius": 1.5128, 
      "center": {
        "y": -6.6196, 
        "x": 12.6414, 
        "z": -1.9076
      }
    }, 
    {
      "radius": 1.9366, 
      "center": {
        "y": -6.9243, 
        "x": 13.1556, 
        "z": -2.1795
      }
    }
  ], 
  [
    {
      "radius": 2.0497, 
      "center": {
        "y": -4.8815, 
        "x": 20.0223, 
        "z": -12.2927
      }
    }, 
    {
      "radius": 0.8351, 
      "center": {
        "y": -4.3702, 
        "x": 20.1654, 
        "z": -11.3061
      }
    }, 
    {
      "radius": 2.003, 
      "center": {
        "y": -4.858, 
        "x": 20.2879, 
        "z": -12.4644
      }
    }, 
    {
      "radius": 0.9746, 
      "center": {
        "y": -4.3944, 
        "x": 20.1611, 
        "z": -11.3968
      }
    }
  ], 
  [
    {
      "radius": 1.677, 
      "center": {
        "y": 12.124, 
        "x": -7.7755, 
        "z": 9.6822
      }
    }, 
    {
      "radius": 1.1424, 
      "center": {
        "y": 10.6195, 
        "x": -6.9755, 
        "z": 9.9705
      }
    }, 
    {
      "radius": 0.7258, 
      "center": {
        "y": 10.0955, 
        "x": -6.3373, 
        "z": 10.3133
      }
    }, 
    {
      "radius": 0.7528, 
      "center": {
        "y": 12.3398, 
        "x": -8.965, 
        "z": 9.8024
      }
    }, 
    {
      "radius": 1.9378, 
      "center": {
        "y": 12.766, 
        "x": -8.0003, 
        "z": 9.8082
      }
    }, 
    {
      "radius": 1.1293, 
      "center": {
        "y": 10.7312, 
        "x": -7.0912, 
        "z": 10.0167
      }
    }
  ], 
  [
    {
      "radius": 0.9824, 
      "center": {
        "y": -11.2024, 
        "x": 5.0755, 
        "z": -9.9368
      }
    }, 
    {
      "radius": 0.8007, 
      "center": {
        "y": -11.4528, 
        "x": 5.2431, 
        "z": -8.506
      }
    }, 
    {
      "radius": 1.2858, 
      "center": {
        "y": -11.325, 
        "x": 4.6945, 
        "z": -8.916
      }
    }, 
    {
      "radius": 0.7607, 
      "center": {
        "y": -11.2172, 
        "x": 5.2754, 
        "z": -9.984
      }
    }, 
    {
      "radius": 0.4447, 
      "center": {
        "y": -9.1987, 
        "x": 4.1053, 
        "z": -10.2019
      }
    }, 
    {
      "radius": 1.3735, 
      "center": {
        "y": -10.9669, 
        "x": 4.2677, 
        "z": -9.108
      }
    }, 
    {
      "radius": 1.6054, 
      "center": {
        "y": -10.1062, 
        "x": 3.7268, 
        "z": -9.9195
      }
    }, 
    {
      "radius": 1.7328, 
      "center": {
        "y": -10.4026, 
        "x": 3.8182, 
        "z": -9.815
      }
    }, 
    {
      "radius": 1.7195, 
      "center": {
        "y": -10.3738, 
        "x": 3.8152, 
        "z": -9.8274
      }
    }, 
    {
      "radius": 1.7261, 
      "center": {
        "y": -10.4056, 
        "x": 3.8266, 
        "z": -9.8222
      }
    }, 
    {
      "radius": 1.3736, 
      "center": {
        "y": -9.8708, 
        "x": 3.8344, 
        "z": -9.961
      }
    }
  ], 
  [
    {
      "radius": 1.0613, 
      "center": {
        "y": 10.5296, 
        "x": -2.4451, 
        "z": -2.7733
      }
    }, 
    {
      "radius": 1.0852, 
      "center": {
        "y": 10.531, 
        "x": -2.4822, 
        "z": -2.7599
      }
    }, 
    {
      "radius": 1.7627, 
      "center": {
        "y": 10.7935, 
        "x": -3.0663, 
        "z": -1.9811
      }
    }, 
    {
      "radius": 1.511, 
      "center": {
        "y": 11.1879, 
        "x": -3.8133, 
        "z": -2.188
      }
    }, 
    {
      "radius": 1.6668, 
      "center": {
        "y": 11.0697, 
        "x": -3.5984, 
        "z": -2.0307
      }
    }
  ], 
  [
    {
      "radius": 1.5918, 
      "center": {
        "y": -8.6539, 
        "x": -0.6498, 
        "z": -15.6665
      }
    }, 
    {
      "radius": 1.6117, 
      "center": {
        "y": -8.7045, 
        "x": -0.5771, 
        "z": -15.6703
      }
    }, 
    {
      "radius": 1.768, 
      "center": {
        "y": -8.6153, 
        "x": -0.5632, 
        "z": -16.0342
      }
    }, 
    {
      "radius": 1.8463, 
      "center": {
        "y": -8.7164, 
        "x": -0.7091, 
        "z": -16.0264
      }
    }, 
    {
      "radius": 1.0139, 
      "center": {
        "y": -9.6726, 
        "x": -0.9009, 
        "z": -16.3271
      }
    }, 
    {
      "radius": 1.7305, 
      "center": {
        "y": -8.6827, 
        "x": -0.6256, 
        "z": -15.8071
      }
    }
  ], 
  [
    {
      "radius": 0.5213, 
      "center": {
        "y": 1.8393, 
        "x": -7.3293, 
        "z": -0.7817
      }
    }, 
    {
      "radius": 1.4875, 
      "center": {
        "y": 1.3678, 
        "x": -6.7494, 
        "z": -1.1307
      }
    }, 
    {
      "radius": 0.837, 
      "center": {
        "y": 0.299, 
        "x": -6.9833, 
        "z": -0.6832
      }
    }, 
    {
      "radius": 0.9468, 
      "center": {
        "y": 1.6308, 
        "x": -7.0156, 
        "z": -2.1664
      }
    }, 
    {
      "radius": 1.2032, 
      "center": {
        "y": 1.6246, 
        "x": -6.9718, 
        "z": -1.0153
      }
    }, 
    {
      "radius": 1.4299, 
      "center": {
        "y": 1.5062, 
        "x": -6.7809, 
        "z": -1.3654
      }
    }, 
    {
      "radius": 0.7764, 
      "center": {
        "y": 0.2864, 
        "x": -6.9282, 
        "z": -0.6668
      }
    }, 
    {
      "radius": 1.3049, 
      "center": {
        "y": 1.2889, 
        "x": -6.5129, 
        "z": -1.0485
      }
    }, 
    {
      "radius": 1.2331, 
      "center": {
        "y": 1.6204, 
        "x": -6.6419, 
        "z": -1.5982
      }
    }, 
    {
      "radius": 1.0131, 
      "center": {
        "y": 1.7224, 
        "x": -6.599, 
        "z": -1.9211
      }
    }, 
    {
      "radius": 1.1847, 
      "center": {
        "y": 1.2966, 
        "x": -6.4117, 
        "z": -1.086
      }
    }
  ], 
  [
    {
      "radius": 1.3531, 
      "center": {
        "y": -6.5913, 
        "x": 17.406, 
        "z": -12.3036
      }
    }, 
    {
      "radius": 0.4379, 
      "center": {
        "y": -5.1042, 
        "x": 15.753, 
        "z": -11.8691
      }
    }, 
    {
      "radius": 0.5411, 
      "center": {
        "y": -5.1016, 
        "x": 15.824, 
        "z": -11.9589
      }
    }, 
    {
      "radius": 0.1233, 
      "center": {
        "y": -5.4001, 
        "x": 16.1385, 
        "z": -11.9809
      }
    }, 
    {
      "radius": 1.5861, 
      "center": {
        "y": -6.3234, 
        "x": 17.456, 
        "z": -12.3087
      }
    }, 
    {
      "radius": 0.3242, 
      "center": {
        "y": -5.1376, 
        "x": 15.7605, 
        "z": -11.8378
      }
    }
  ], 
  [
    {
      "radius": 0.8413, 
      "center": {
        "y": 7.8215, 
        "x": -7.7362, 
        "z": 2.8136
      }
    }, 
    {
      "radius": 0.8461, 
      "center": {
        "y": 7.5838, 
        "x": -7.655, 
        "z": 2.5742
      }
    }, 
    {
      "radius": 0.6801, 
      "center": {
        "y": 7.4781, 
        "x": -7.7555, 
        "z": 2.2002
      }
    }, 
    {
      "radius": 1.2031, 
      "center": {
        "y": 8.8652, 
        "x": -8.305, 
        "z": 3.3139
      }
    }, 
    {
      "radius": 1.2786, 
      "center": {
        "y": 8.812, 
        "x": -8.3385, 
        "z": 3.2945
      }
    }
  ], 
  [
    {
      "radius": 0.7512, 
      "center": {
        "y": 2.8743, 
        "x": -7.9682, 
        "z": 5.2828
      }
    }, 
    {
      "radius": 1.0676, 
      "center": {
        "y": 2.5717, 
        "x": -8.3937, 
        "z": 5.7963
      }
    }, 
    {
      "radius": 1.1502, 
      "center": {
        "y": 2.5228, 
        "x": -8.6237, 
        "z": 5.6865
      }
    }, 
    {
      "radius": 0.8333, 
      "center": {
        "y": 2.6062, 
        "x": -8.6864, 
        "z": 5.0013
      }
    }, 
    {
      "radius": 1.0444, 
      "center": {
        "y": 2.6515, 
        "x": -8.6405, 
        "z": 5.2313
      }
    }, 
    {
      "radius": 0.9906, 
      "center": {
        "y": 2.7196, 
        "x": -8.557, 
        "z": 5.1009
      }
    }
  ], 
  [
    {
      "radius": 1.0994, 
      "center": {
        "y": -3.1328, 
        "x": 6.6699, 
        "z": -1.5453
      }
    }, 
    {
      "radius": 0.6601, 
      "center": {
        "y": -3.5234, 
        "x": 6.4912, 
        "z": -1.7036
      }
    }, 
    {
      "radius": 1.0916, 
      "center": {
        "y": -3.136, 
        "x": 6.6561, 
        "z": -1.5724
      }
    }, 
    {
      "radius": 0.7874, 
      "center": {
        "y": -3.4651, 
        "x": 6.6544, 
        "z": -1.3934
      }
    }, 
    {
      "radius": 0.904, 
      "center": {
        "y": -2.7885, 
        "x": 6.609, 
        "z": -1.3055
      }
    }, 
    {
      "radius": 0.6571, 
      "center": {
        "y": -2.3585, 
        "x": 6.3803, 
        "z": -1.2711
      }
    }, 
    {
      "radius": 0.5506, 
      "center": {
        "y": -2.5814, 
        "x": 6.3125, 
        "z": -1.6126
      }
    }, 
    {
      "radius": 0.4686, 
      "center": {
        "y": -2.2756, 
        "x": 6.39, 
        "z": -1.2521
      }
    }
  ], 
  [
    {
      "radius": 0.5686, 
      "center": {
        "y": 5.0964, 
        "x": -0.4728, 
        "z": 7.9369
      }
    }, 
    {
      "radius": 0.4237, 
      "center": {
        "y": 5.0548, 
        "x": -0.5066, 
        "z": 8.0
      }
    }, 
    {
      "radius": 0.3503, 
      "center": {
        "y": 6.1517, 
        "x": -0.147, 
        "z": 7.3712
      }
    }, 
    {
      "radius": 1.0745, 
      "center": {
        "y": 5.4088, 
        "x": -0.1366, 
        "z": 8.123
      }
    }, 
    {
      "radius": 0.6629, 
      "center": {
        "y": 5.097, 
        "x": -0.4394, 
        "z": 7.9777
      }
    }, 
    {
      "radius": 0.5244, 
      "center": {
        "y": 5.6892, 
        "x": -0.1385, 
        "z": 8.6919
      }
    }, 
    {
      "radius": 0.8365, 
      "center": {
        "y": 5.3132, 
        "x": 0.0213, 
        "z": 8.1298
      }
    }, 
    {
      "radius": 0.7541, 
      "center": {
        "y": 6.0492, 
        "x": -0.2111, 
        "z": 7.5517
      }
    }, 
    {
      "radius": 0.7691, 
      "center": {
        "y": 6.0436, 
        "x": -0.2162, 
        "z": 7.5597
      }
    }
  ], 
  [
    {
      "radius": 0.2895, 
      "center": {
        "y": -6.3937, 
        "x": 4.4214, 
        "z": -9.8637
      }
    }, 
    {
      "radius": 0.4505, 
      "center": {
        "y": -6.4992, 
        "x": 4.0573, 
        "z": -9.6982
      }
    }, 
    {
      "radius": 0.8767, 
      "center": {
        "y": -6.7587, 
        "x": 4.7917, 
        "z": -9.7954
      }
    }, 
    {
      "radius": 0.606, 
      "center": {
        "y": -6.6435, 
        "x": 4.113, 
        "z": -9.6431
      }
    }, 
    {
      "radius": 0.7421, 
      "center": {
        "y": -6.7819, 
        "x": 4.8678, 
        "z": -9.8697
      }
    }, 
    {
      "radius": 0.8775, 
      "center": {
        "y": -6.7529, 
        "x": 4.8013, 
        "z": -9.8012
      }
    }, 
    {
      "radius": 0.7204, 
      "center": {
        "y": -6.728, 
        "x": 4.8942, 
        "z": -9.7816
      }
    }
  ], 
  [
    {
      "radius": 0.686, 
      "center": {
        "y": -12.7237, 
        "x": 12.5173, 
        "z": -6.4433
      }
    }, 
    {
      "radius": 0.6243, 
      "center": {
        "y": -12.6202, 
        "x": 12.3402, 
        "z": -6.6
      }
    }, 
    {
      "radius": 0.7455, 
      "center": {
        "y": -12.6351, 
        "x": 12.2653, 
        "z": -6.525
      }
    }
  ], 
  [
    {
      "radius": 0.767, 
      "center": {
        "y": 6.1701, 
        "x": 11.3993, 
        "z": -2.4634
      }
    }, 
    {
      "radius": 0.8042, 
      "center": {
        "y": 6.2025, 
        "x": 11.4151, 
        "z": -2.4671
      }
    }, 
    {
      "radius": 0.5685, 
      "center": {
        "y": 6.2196, 
        "x": 11.3905, 
        "z": -2.654
      }
    }
  ], 
  [
    {
      "radius": 0.6568, 
      "center": {
        "y": 4.4462, 
        "x": 10.3371, 
        "z": 3.9689
      }
    }, 
    {
      "radius": 0.6198, 
      "center": {
        "y": 4.5027, 
        "x": 10.3239, 
        "z": 3.8645
      }
    }, 
    {
      "radius": 0.3767, 
      "center": {
        "y": 4.5987, 
        "x": 10.3177, 
        "z": 3.4636
      }
    }
  ], 
  [
    {
      "radius": 0.5346, 
      "center": {
        "y": -0.2306, 
        "x": -1.2904, 
        "z": 10.8099
      }
    }
  ], 
  [
    {
      "radius": 0.277, 
      "center": {
        "y": -1.1485, 
        "x": -7.7506, 
        "z": 0.6663
      }
    }, 
    {
      "radius": 0.2715, 
      "center": {
        "y": -1.0329, 
        "x": -7.9366, 
        "z": 0.4619
      }
    }
  ], 
  [
    {
      "radius": 0.2171, 
      "center": {
        "y": 2.2595, 
        "x": 0.5657, 
        "z": 0.2132
      }
    }
  ]
]